,0,1,2,3,4,5,6,7,8,9,10,11,12,13,14,15,16,17,18,19,20,21,22,23,24,25,26,27,28,29,30,31,32,33,34,35,36,37,38,39,40,41,42,43,44,45,46,47,48,49,50,51,52,53,54,55,56,57,58,59,60,61,62,63,64,65,66,67,68,69,70,71,72,73,74,75,76,77,78,79,80,81,82,83,84,85,86,87,88,89
0,C,C,C,C,C,C,C,C,C,C,C,C,-,C,C,C,-,C,C,-,C,C,C,C,C,C,C,C,C,C,C,C,-,C,-,C,C,C,C,-,-,C,C,C,-,C,-,C,G,C,C,C,-,T,T,-,-,-,-,-,-,-,-,-,-,-,C,-,T,C,-,-,-,-,-,-,-,-,-,-,-,-,-,-,-,-,-,-,-,-
1,T,T,T,T,T,T,T,T,T,T,T,T,-,T,T,T,-,T,T,-,T,T,T,T,T,T,T,T,T,T,T,T,-,T,-,T,T,T,T,-,-,T,T,T,-,T,-,T,G,T,T,T,-,T,T,-,-,-,-,-,-,-,-,-,-,-,T,-,T,T,-,-,-,-,-,-,-,-,-,-,-,-,-,-,-,-,-,-,-,-
2,T,T,G,T,T,-,T,T,T,T,T,T,-,T,T,T,-,T,T,-,T,T,T,T,T,T,T,T,T,T,T,T,-,T,-,C,T,T,T,-,-,C,-,C,-,C,-,C,C,C,C,-,-,T,T,-,-,-,-,-,-,-,-,-,-,-,T,-,T,T,-,-,-,-,-,-,-,-,-,-,-,-,-,-,-,-,-,-,-,-
3,A,A,A,A,A,-,A,A,A,A,C,C,-,C,A,A,-,A,A,-,A,A,A,A,A,A,A,A,C,A,A,A,-,A,-,A,A,A,T,-,-,A,-,A,-,A,-,A,C,A,A,-,-,A,A,-,-,-,-,-,-,-,-,-,-,-,G,-,A,A,-,-,-,-,-,-,-,-,-,-,-,-,-,-,-,-,-,-,-,-
4,A,A,A,A,A,-,A,A,A,A,C,A,-,A,A,A,-,A,A,-,A,A,A,A,A,A,A,A,A,A,A,A,-,A,-,A,A,A,A,-,-,A,-,A,-,A,-,A,C,C,C,-,-,C,C,-,-,-,-,-,-,-,-,-,-,-,C,-,C,C,-,-,-,-,-,-,-,-,-,-,-,-,-,-,-,-,-,-,-,-
5,A,A,A,A,A,-,A,A,A,A,A,A,-,A,A,A,-,A,A,-,A,A,A,A,A,A,A,A,A,A,A,A,-,A,-,A,A,A,A,-,-,A,-,A,-,A,-,A,A,A,A,A,-,A,A,-,-,-,-,-,-,-,-,-,-,-,A,-,A,A,-,-,-,-,-,-,-,-,-,-,-,-,-,-,-,-,-,-,-,-
6,T,T,T,A,-,T,T,T,T,C,T,T,-,T,T,C,-,T,T,-,T,T,T,T,T,C,T,T,T,T,T,T,-,T,-,T,T,T,A,-,-,T,-,T,-,C,-,T,G,T,G,T,-,T,T,-,-,-,-,-,-,-,-,-,-,-,T,-,T,T,-,-,-,-,-,-,-,-,-,-,-,-,-,-,-,-,-,-,-,-
7,A,A,A,C,-,A,A,A,A,A,-,-,-,-,C,A,-,G,A,-,A,A,A,A,A,A,A,A,A,A,A,A,-,A,-,A,A,A,T,-,-,A,-,A,-,A,-,A,A,C,A,A,-,C,C,-,-,-,-,-,-,-,-,-,-,-,C,-,A,A,-,-,-,-,-,-,-,-,-,-,-,-,-,-,-,-,-,-,-,-
8,A,A,A,A,-,A,A,A,A,A,-,-,-,-,A,A,-,A,A,-,A,C,A,A,A,A,A,A,A,A,T,A,-,A,-,A,A,A,G,-,-,A,-,A,-,A,-,G,A,A,A,A,-,T,T,-,-,-,-,-,-,-,-,-,-,-,A,-,A,A,-,-,-,-,-,-,-,-,-,-,-,-,-,-,-,-,-,-,-,-
9,C,C,C,A,-,A,A,A,A,A,-,-,-,-,C,C,-,T,C,-,C,C,C,C,C,C,C,C,C,C,C,C,-,C,-,C,C,C,C,C,C,C,-,C,-,C,-,C,C,T,T,C,-,T,T,-,-,-,-,-,-,-,-,-,-,-,C,-,C,C,-,-,-,-,-,-,-,-,-,-,-,-,-,-,-,-,-,-,-,-
10,C,T,T,C,-,C,C,C,C,C,-,-,-,-,T,T,-,G,G,-,C,C,C,C,C,T,T,T,T,T,T,T,-,T,-,T,T,T,C,C,C,T,-,C,-,T,-,C,T,T,T,T,-,T,T,-,-,-,-,-,-,-,-,-,-,-,A,-,T,T,-,-,-,-,-,-,-,-,-,-,-,-,-,-,-,-,-,-,-,-
11,T,T,T,C,T,T,T,T,T,T,-,-,-,-,T,T,-,T,T,-,T,T,T,T,T,T,C,T,T,T,C,T,-,T,-,T,T,T,T,T,A,T,-,G,-,T,-,C,C,A,A,C,-,C,C,-,-,-,-,-,-,-,-,-,-,-,C,-,C,C,-,-,-,-,-,-,-,-,-,-,-,-,-,-,-,-,-,-,-,-
12,A,A,A,C,A,A,A,A,A,A,-,-,-,-,A,A,-,A,A,-,A,A,A,A,A,A,A,A,A,A,A,A,-,A,-,A,A,G,T,C,G,A,-,A,-,A,-,A,A,C,A,A,-,A,A,-,-,-,-,-,-,-,-,-,-,-,A,-,A,A,-,-,-,-,-,-,-,-,-,-,-,-,-,-,-,-,-,-,-,-
13,G,G,G,C,A,G,G,G,G,G,-,-,-,-,G,G,-,G,G,-,G,G,G,G,G,G,G,G,G,G,G,G,-,T,-,G,G,G,C,C,G,G,-,G,-,G,-,G,G,G,G,G,-,G,G,-,-,-,-,-,-,-,-,-,-,-,G,-,G,G,-,-,-,-,-,-,-,-,-,-,-,-,-,-,-,-,-,-,-,-
14,C,T,C,C,T,T,T,T,T,T,-,-,-,-,C,C,-,C,C,T,T,C,C,C,C,C,C,C,C,C,C,C,-,C,-,T,C,C,C,C,C,C,-,C,-,C,-,A,C,T,C,C,-,C,C,-,-,-,-,-,-,-,-,-,-,-,C,-,C,C,-,-,-,-,-,-,-,-,-,-,-,-,-,-,-,-,-,-,-,-
15,C,C,C,T,C,C,C,T,C,C,-,-,-,-,C,T,-,G,C,-,C,T,T,T,T,C,C,G,G,A,G,G,-,C,-,C,C,C,-,-,-,-,-,-,-,-,-,-,C,C,C,-,-,-,-,-,-,-,-,-,-,-,-,-,-,-,-,-,-,-,-,-,-,-,-,-,-,-,-,-,-,-,-,-,-,-,-,-,-,-
16,C,C,C,C,T,C,C,C,C,C,-,-,-,-,C,C,-,C,C,-,C,C,C,C,C,T,C,C,C,C,C,C,-,C,-,G,G,C,-,-,-,-,-,-,-,-,-,-,C,C,A,-,-,C,C,-,-,-,-,-,-,-,-,-,-,-,T,-,C,C,-,-,-,-,-,-,-,-,-,-,-,-,-,-,-,-,-,-,-,-
17,C,C,T,A,A,A,A,A,A,A,-,-,-,-,C,C,-,C,C,-,C,T,C,C,C,C,C,A,A,A,G,A,-,C,-,C,C,C,-,-,-,-,-,-,-,-,-,-,G,C,G,-,-,T,T,-,-,-,-,-,-,-,-,-,-,-,C,-,C,T,-,-,-,-,-,-,-,-,-,-,-,-,-,-,-,-,-,-,-,-
18,A,A,A,G,A,G,G,G,G,G,-,-,-,-,A,A,-,A,A,-,A,A,A,A,A,A,A,G,G,G,G,G,-,A,-,A,A,A,-,-,-,-,-,-,-,-,-,-,G,A,A,-,-,-,-,-,-,-,-,-,-,-,-,-,-,-,-,-,-,-,-,-,-,-,-,-,-,-,-,-,-,-,-,-,-,-,-,-,-,-
19,G,G,G,G,G,C,G,G,G,G,-,-,-,-,G,G,-,G,G,-,G,C,C,C,C,C,C,G,G,G,G,G,-,G,-,A,G,G,-,-,-,-,-,-,-,-,-,-,C,T,T,-,-,-,-,-,-,-,-,-,-,-,-,-,-,-,-,-,-,-,-,-,-,-,-,-,-,-,-,-,-,-,-,-,-,-,-,-,-,-
20,A,A,A,A,T,A,A,A,A,A,-,-,-,-,T,A,-,A,A,-,A,A,A,A,A,A,G,A,A,A,A,A,-,G,-,A,A,A,-,-,-,-,-,-,-,-,-,-,A,A,A,-,-,-,-,-,-,-,-,-,-,-,-,-,-,-,-,-,-,-,-,-,-,-,-,-,-,-,-,-,-,-,-,-,-,-,-,-,-,-
21,G,G,G,G,G,G,G,G,G,G,G,G,G,G,G,G,-,G,G,-,A,G,G,G,G,G,G,G,G,G,A,G,-,G,-,G,G,G,-,-,-,-,-,-,-,-,-,-,G,G,G,-,-,-,-,-,-,-,-,-,-,-,-,-,-,-,-,-,-,-,-,-,-,-,-,-,-,-,-,-,-,-,-,-,-,-,-,-,-,-
22,T,T,T,T,T,T,T,T,T,T,C,C,G,C,T,T,-,G,G,-,G,G,G,G,G,G,G,G,G,G,G,A,-,G,-,A,A,A,-,-,-,-,-,-,-,-,-,-,A,T,G,-,-,-,-,-,-,-,-,-,-,-,-,-,-,-,-,-,-,-,-,-,-,-,-,-,-,-,-,-,-,-,-,-,-,-,-,-,-,-
23,G,G,G,G,A,G,G,G,G,G,A,A,A,A,G,G,-,A,A,-,A,G,A,A,A,A,A,A,A,G,A,A,-,A,-,A,A,A,-,-,-,-,-,-,-,-,-,-,G,A,A,-,-,-,-,-,-,-,-,-,-,-,-,-,-,-,-,-,-,-,-,-,-,-,-,-,-,-,-,-,-,-,-,-,-,-,-,-,-,-
24,G,G,T,A,T,G,G,G,G,G,A,A,A,A,G,G,-,T,T,-,T,T,T,T,T,G,G,G,G,G,G,G,-,T,-,A,A,A,-,-,-,-,-,-,-,-,-,-,G,C,A,-,-,-,-,-,-,-,-,-,-,-,-,-,-,-,-,-,-,-,-,-,-,-,-,-,-,-,-,-,-,-,-,-,-,-,-,-,-,-
25,G,A,G,G,G,A,A,A,A,A,A,A,-,-,A,G,-,G,G,-,G,G,G,G,G,G,G,G,G,G,G,G,-,G,-,G,G,G,-,-,-,-,-,-,-,-,-,-,A,A,A,-,-,-,-,-,-,-,-,-,-,-,-,-,-,-,-,-,-,-,-,-,-,-,-,-,-,-,-,-,-,-,-,-,-,-,-,-,-,-
26,G,G,T,A,G,G,G,G,G,G,G,T,-,-,G,G,-,G,G,-,G,G,G,G,G,G,G,G,G,G,G,G,-,G,-,G,G,G,-,-,-,-,-,-,-,-,-,-,G,G,A,-,-,-,-,-,-,-,-,-,-,-,-,-,-,-,-,-,-,-,-,-,-,-,-,-,-,-,-,-,-,-,-,-,-,-,-,-,-,-
27,G,A,G,A,A,G,G,G,G,G,C,G,G,G,G,A,-,G,G,-,G,G,G,G,G,T,T,G,G,G,A,G,-,G,-,G,G,G,-,-,-,-,-,-,-,-,-,-,G,G,G,-,-,-,-,-,-,-,-,-,-,-,-,-,-,-,-,-,-,-,-,-,-,-,-,-,-,-,-,-,-,-,-,-,-,-,-,-,-,-
28,A,A,-,A,A,A,A,A,A,A,G,G,G,G,A,A,-,A,A,-,A,A,A,A,A,G,T,A,A,A,A,A,-,G,-,C,C,C,-,-,-,G,-,G,-,-,-,G,G,G,A,-,-,-,-,-,-,-,-,-,-,-,-,-,-,-,-,-,-,-,-,-,-,-,-,-,-,-,-,-,-,-,-,-,-,-,-,-,-,-
29,T,-,-,G,A,A,A,A,A,A,A,A,A,A,G,A,-,C,C,-,A,C,T,C,C,G,G,G,G,G,G,G,-,G,-,G,G,G,-,-,-,G,-,C,-,-,-,G,A,A,A,-,-,-,-,-,-,-,-,-,-,-,-,-,-,-,-,-,-,-,-,-,-,-,-,-,-,-,-,-,-,-,-,-,-,-,-,-,-,-
30,G,-,G,G,G,G,G,G,G,G,G,G,G,G,G,A,-,G,G,-,G,G,G,G,G,G,G,G,G,G,G,G,-,G,-,G,G,G,-,-,-,G,-,G,-,-,-,G,A,A,A,-,-,-,-,-,-,-,-,-,-,-,-,-,-,-,-,-,-,-,-,-,-,-,-,-,-,-,-,-,-,-,-,-,-,-,-,-,-,-
31,G,G,G,A,G,G,G,G,G,G,A,A,A,G,G,C,-,G,G,-,G,G,G,G,G,G,G,G,G,G,G,G,-,A,-,G,G,G,-,-,-,G,-,G,-,-,-,A,G,A,A,-,-,-,-,-,-,-,-,-,-,-,-,-,-,-,-,-,-,-,-,-,-,-,-,-,-,-,-,-,-,-,-,-,-,-,-,-,-,-
32,G,G,G,G,G,G,G,G,G,G,G,A,A,C,G,G,-,G,G,-,A,G,G,G,G,G,G,G,G,G,G,G,-,G,-,G,G,G,-,-,-,G,-,G,-,-,-,G,G,G,G,-,-,-,-,-,-,-,-,-,-,-,-,-,-,-,-,-,-,-,-,-,-,-,-,-,-,-,-,-,-,-,-,-,-,-,-,-,-,-
33,G,G,A,T,A,A,A,A,A,A,G,T,T,T,A,C,-,A,A,-,G,G,G,G,G,G,C,A,A,A,A,A,-,-,-,-,-,-,-,-,-,G,G,G,-,A,-,G,G,A,A,A,-,-,-,-,-,-,-,-,-,-,-,-,-,-,-,-,-,-,-,-,-,-,-,-,-,-,-,-,-,-,-,-,-,-,-,-,-,-
34,G,G,C,G,G,G,G,G,G,G,G,G,G,G,G,A,-,A,A,-,A,A,A,A,A,C,C,A,A,A,A,A,-,-,-,-,-,-,-,-,-,A,G,A,-,G,-,T,G,A,A,G,-,-,-,-,-,-,-,-,-,-,-,-,-,-,-,-,-,-,-,-,-,-,-,-,-,-,-,-,-,-,-,-,-,-,-,-,-,-
35,A,G,A,A,G,G,G,G,G,G,A,A,A,A,G,G,-,-,-,-,-,-,-,-,-,C,-,G,G,A,G,G,-,G,-,-,-,-,-,-,-,G,G,G,-,G,-,G,A,A,A,A,-,-,-,-,-,-,-,-,-,-,-,-,-,-,-,-,-,-,-,-,-,-,-,-,-,-,-,-,-,-,-,-,-,-,-,-,-,-
36,A,A,A,G,A,G,G,G,G,G,G,G,G,G,-,-,-,-,-,-,-,-,-,-,-,A,-,G,A,G,G,G,-,G,-,-,-,-,-,-,-,G,G,G,-,G,-,T,C,A,G,G,-,-,-,-,-,-,-,-,-,-,-,-,-,-,-,-,-,-,-,-,-,-,-,-,-,-,-,-,-,-,-,-,-,-,-,-,-,-
37,G,G,G,G,G,G,G,G,G,A,G,C,G,G,-,-,-,-,-,-,-,-,-,-,-,G,-,G,G,G,G,G,-,A,-,-,-,-,-,-,-,T,T,C,-,A,-,A,A,A,A,G,-,-,-,-,-,-,-,-,-,-,-,-,-,-,-,-,-,-,-,-,-,-,-,-,-,-,-,-,-,-,-,-,-,-,-,-,-,-
38,A,A,G,A,A,G,G,G,A,A,A,A,A,A,-,-,-,-,-,-,-,-,-,-,-,G,G,A,-,A,A,A,-,A,-,-,-,-,-,-,-,G,G,G,-,G,-,G,G,A,A,G,-,-,-,-,-,-,-,-,-,-,-,-,-,-,-,-,-,-,-,-,-,-,-,-,-,-,-,-,-,-,-,-,-,-,-,-,-,-
39,A,A,G,A,A,A,A,A,A,A,G,G,G,G,-,-,-,G,G,-,G,-,-,-,-,G,G,G,G,G,G,G,-,G,-,T,T,T,-,-,-,G,G,G,-,G,-,G,G,A,A,A,-,-,-,-,-,-,-,-,-,-,-,-,-,-,-,-,-,-,-,-,-,-,-,-,-,-,-,-,-,-,-,-,-,-,-,-,-,-
40,G,G,G,G,G,G,G,G,G,G,G,G,G,G,A,A,-,G,G,-,G,G,G,G,G,G,G,G,G,A,G,G,-,G,-,G,G,G,-,-,-,G,G,G,-,G,-,G,G,G,G,A,-,T,T,-,-,-,G,-,-,-,-,-,-,-,T,-,A,G,-,-,-,-,-,-,-,-,-,-,-,-,-,-,-,-,-,-,-,-
41,A,A,A,A,A,A,A,A,A,A,C,C,C,C,G,G,-,G,G,-,G,G,G,A,A,G,G,A,A,A,A,A,-,G,-,G,G,G,-,-,-,A,A,A,-,A,-,A,A,G,G,G,-,T,T,-,-,-,A,-,-,-,-,-,-,-,T,-,C,T,-,-,-,-,-,-,-,-,-,-,-,-,-,-,-,-,-,-,-,-
42,G,G,G,G,G,G,G,G,G,G,A,A,A,A,A,G,-,G,G,-,G,G,G,G,G,G,G,G,G,G,G,G,-,A,-,G,G,G,-,-,-,G,G,G,-,G,-,G,A,G,G,G,-,G,G,-,-,-,G,-,-,-,-,-,-,-,G,-,G,G,-,-,-,-,-,-,-,-,-,-,-,-,-,-,-,-,-,-,-,-
43,G,G,G,G,A,G,G,G,G,G,G,G,G,G,G,G,-,G,G,-,G,G,A,G,G,G,G,G,G,G,G,G,-,G,-,G,G,G,-,-,-,G,C,G,-,T,-,G,G,G,G,A,-,A,A,-,-,-,A,-,-,-,-,-,-,-,A,-,G,A,-,-,-,-,-,-,-,-,-,-,-,-,-,-,-,-,-,-,-,-
44,A,A,G,A,G,A,A,A,A,A,-,-,-,-,A,A,-,A,A,-,A,A,A,A,A,A,A,G,A,A,A,A,-,A,-,A,A,A,-,-,-,A,A,A,-,A,-,A,G,A,A,A,-,-,-,-,-,-,-,-,-,-,-,-,-,-,-,-,-,-,-,-,-,-,-,-,-,-,-,-,-,-,-,-,-,-,-,-,-,-
45,G,G,G,A,G,G,G,G,G,G,-,G,G,T,G,G,-,G,G,-,G,G,G,G,G,G,A,G,G,G,G,G,-,G,-,G,G,G,-,-,-,G,G,G,-,G,-,G,A,A,A,A,-,-,-,-,-,-,-,-,-,-,-,-,-,-,-,-,-,-,-,G,-,-,-,-,-,-,-,-,-,-,-,-,-,-,-,-,-,-
46,G,A,G,G,A,G,G,G,G,G,G,G,G,G,G,G,-,A,A,-,A,A,A,A,A,A,A,A,A,A,A,A,-,A,-,A,A,A,A,A,A,A,A,A,-,A,-,A,T,A,A,A,-,-,-,-,-,-,-,-,-,-,-,A,-,-,-,-,-,-,-,A,-,-,-,-,-,-,-,-,-,-,-,-,-,-,-,-,-,-
47,G,G,G,G,G,G,G,G,G,G,G,G,G,G,G,G,-,A,A,-,A,A,A,A,A,A,A,A,A,A,A,A,-,A,-,A,A,A,G,A,-,A,G,A,-,A,-,A,C,A,A,A,-,-,-,-,-,-,-,-,-,-,-,-,-,-,-,-,-,-,-,-,-,-,-,-,-,-,-,-,-,-,-,-,-,-,-,-,-,-
48,A,A,G,-,-,-,-,-,-,-,-,-,-,-,-,-,-,-,-,-,-,-,-,-,-,-,-,-,-,-,-,-,-,-,-,-,-,-,-,-,-,-,-,-,-,-,-,-,-,-,-,-,-,-,-,-,-,-,-,-,-,-,-,-,-,-,-,-,-,-,-,-,-,-,-,-,-,-,-,-,-,-,-,-,-,-,-,-,-,-
49,A,A,A,A,G,A,A,A,A,A,A,A,A,A,A,A,-,A,A,-,A,A,A,A,A,A,A,A,A,A,A,A,-,A,-,A,A,A,G,G,-,A,A,A,-,A,-,A,C,A,A,A,-,-,-,-,-,-,G,-,-,-,-,A,-,-,A,A,A,A,A,A,-,-,-,-,-,-,-,-,-,-,-,-,-,-,-,-,-,-
50,A,A,A,A,A,A,A,A,A,A,A,A,A,A,A,A,-,A,A,-,A,A,A,A,A,A,A,A,A,A,A,A,-,A,-,A,A,A,G,A,-,-,C,-,-,A,-,A,G,A,A,A,-,-,-,-,-,-,G,-,-,-,-,G,-,-,G,G,A,G,G,C,-,-,-,-,-,-,-,-,-,-,-,-,-,-,-,-,-,-
51,A,A,A,A,A,A,A,A,A,A,G,G,G,G,A,A,-,A,A,-,A,A,A,A,A,A,A,A,A,A,A,A,-,A,-,A,A,A,G,G,-,A,G,A,-,G,-,A,T,A,G,A,-,-,-,-,-,-,A,-,-,-,-,A,-,-,A,A,A,A,A,A,-,-,-,-,-,-,-,-,-,-,-,-,-,-,-,-,-,-
52,G,G,G,G,G,G,G,G,G,G,G,G,G,A,A,A,-,G,G,-,G,G,G,G,G,A,A,G,G,G,G,G,-,A,-,A,A,A,G,G,-,G,G,G,-,G,-,G,G,G,G,G,-,-,-,-,-,-,-,-,-,-,-,T,-,-,T,A,A,T,T,G,-,-,-,-,-,-,-,-,-,-,-,-,-,-,-,-,-,-
53,T,T,C,C,C,T,C,T,T,A,C,C,C,C,C,T,-,C,C,-,C,C,C,C,C,C,C,C,C,C,C,C,-,C,-,C,C,C,T,C,-,C,C,C,-,C,-,C,C,T,G,T,-,-,-,-,-,-,-,-,-,-,-,T,-,-,T,T,T,T,T,T,-,-,-,-,-,-,-,-,-,-,-,-,-,-,-,-,-,-
54,G,G,C,C,C,C,C,C,C,C,C,C,C,C,G,G,-,A,A,-,A,A,A,A,A,A,A,A,A,A,A,A,-,A,-,A,A,A,A,A,-,A,A,A,-,A,-,A,C,G,G,G,-,A,A,-,-,-,A,-,-,-,-,A,-,-,G,G,G,C,C,G,-,-,-,-,-,-,-,-,-,-,-,-,-,-,-,-,-,-
55,T,T,T,T,T,T,T,T,T,T,T,T,T,T,T,C,-,T,T,-,T,T,T,T,T,T,T,T,T,T,T,T,-,T,-,T,T,T,A,A,-,T,T,T,-,G,-,T,G,G,G,T,-,A,A,-,-,-,A,-,-,-,-,A,-,-,G,A,A,A,A,G,-,-,-,-,-,-,-,-,-,-,-,-,-,-,-,-,-,-
56,A,A,A,A,A,A,A,A,A,A,A,A,A,A,A,A,-,A,A,-,A,G,G,G,G,G,A,A,A,A,C,A,-,A,-,A,A,A,A,A,-,A,A,A,-,A,-,A,G,A,A,A,-,A,A,-,-,-,A,-,-,-,-,A,-,-,A,A,A,A,A,A,-,-,-,-,-,-,-,-,-,-,-,-,-,-,-,-,-,-
57,A,A,G,A,A,A,A,A,A,A,A,A,A,A,A,A,-,A,A,-,A,G,A,A,A,A,A,A,A,A,A,A,-,A,-,A,A,A,A,C,-,G,A,A,-,A,-,A,A,A,A,G,-,G,G,-,-,-,G,-,-,-,-,G,-,-,A,G,G,G,G,G,-,-,-,-,-,-,-,-,-,-,-,-,-,-,-,-,-,-
58,C,C,C,C,C,C,C,C,C,C,C,C,C,C,G,C,-,C,C,-,C,C,C,C,C,C,C,C,C,C,C,C,-,C,-,C,C,C,C,C,-,C,C,C,-,C,-,C,G,T,C,C,-,C,C,-,-,-,T,-,-,-,-,C,-,-,C,C,C,C,C,C,-,-,-,-,-,-,-,-,-,-,-,-,-,-,-,-,-,-
59,C,C,C,C,-,C,C,C,C,C,C,C,C,C,C,C,-,C,C,-,C,C,C,C,C,C,C,C,C,C,C,G,-,C,-,C,C,C,C,C,-,C,C,C,-,C,-,T,C,C,C,C,-,C,C,-,-,-,C,-,-,-,-,C,-,-,C,C,C,C,C,T,-,-,-,-,-,-,-,-,-,-,-,-,-,-,-,-,-,-
60,a,-,-,-,-,-,-,-,-,-,-,-,-,-,-,-,-,-,-,-,-,-,-,-,-,-,-,-,-,-,-,-,-,-,-,-,-,-,-,-,-,-,-,-,-,-,-,-,-,-,-,-,-,-,-,-,-,-,-,-,-,-,-,-,-,-,-,-,-,-,-,-,-,-,-,-,-,-,-,-,-,-,-,-,-,-,-,-,-,-
61,a,A,A,A,-,A,A,A,A,A,A,A,A,A,A,A,-,A,A,-,A,A,A,A,A,A,A,A,A,A,A,A,-,A,-,A,A,A,A,A,A,C,C,C,-,C,-,A,A,A,A,A,-,A,A,-,-,-,A,-,-,-,-,A,-,-,A,A,A,A,A,G,-,-,-,-,-,-,-,-,-,-,-,-,-,-,-,-,-,-
62,a,A,A,A,-,A,A,A,A,A,A,A,A,A,A,A,-,A,A,-,A,A,A,A,A,A,A,A,A,A,A,A,-,A,-,A,A,A,A,A,A,A,A,A,-,A,-,A,G,G,A,A,-,A,A,-,-,-,G,-,-,-,-,A,-,-,A,G,A,A,A,A,-,-,-,-,-,-,-,-,-,-,-,-,-,-,-,-,-,-
63,a,T,T,T,-,T,T,T,T,T,T,T,T,T,T,T,-,T,T,-,T,T,T,T,T,T,T,T,T,T,T,T,-,T,-,T,T,T,T,T,T,T,T,T,-,T,-,T,C,C,T,T,-,T,T,-,-,-,A,-,-,-,-,T,-,-,T,T,T,T,T,T,-,-,-,-,-,-,-,-,-,-,-,-,-,-,-,-,-,-
64,a,A,C,A,-,A,A,A,A,A,A,A,A,A,A,A,-,A,A,-,C,A,A,A,A,A,A,A,A,A,A,A,-,A,-,A,A,A,A,A,A,A,A,A,-,A,-,A,C,A,A,A,-,A,A,-,-,-,A,-,-,-,-,G,-,-,A,A,A,A,A,A,-,-,-,-,-,-,-,-,-,-,-,-,-,-,-,-,-,-
65,a,A,A,A,-,A,A,A,A,A,A,A,A,A,A,A,-,A,A,-,A,G,G,G,G,A,A,A,A,A,A,A,-,A,-,A,A,A,A,A,A,A,A,A,-,A,-,A,T,A,C,A,-,A,A,-,-,-,A,-,-,-,-,A,-,-,A,C,A,A,A,A,-,-,-,-,-,-,-,-,-,-,-,-,-,-,-,-,-,-
66,a,A,A,A,-,A,A,A,A,A,A,A,A,A,A,A,-,A,A,-,A,A,A,A,A,A,A,A,A,A,A,A,-,A,-,A,A,A,A,A,A,A,A,A,-,A,-,A,G,A,A,A,-,A,A,-,-,-,A,-,-,-,-,A,-,-,A,A,A,A,A,A,-,-,-,-,-,-,-,-,-,-,-,-,-,-,-,-,-,-
67,a,A,A,A,-,A,A,A,A,A,A,A,A,A,A,A,-,A,A,-,A,A,A,A,A,A,A,A,A,A,A,A,-,A,-,A,A,A,A,A,A,A,A,A,-,A,-,A,G,A,A,A,-,G,G,-,-,-,A,-,-,-,-,G,-,-,A,A,A,A,A,A,-,-,-,-,-,-,-,-,-,-,-,-,-,-,-,-,-,-
68,C,T,G,T,-,T,T,T,C,C,C,C,T,C,C,T,-,T,T,-,C,C,C,C,C,T,T,A,A,A,A,A,-,C,-,C,C,C,T,T,C,T,T,T,-,T,-,T,C,T,T,T,-,T,T,-,-,-,T,-,-,-,-,C,-,-,T,C,T,T,T,C,-,-,-,-,-,-,-,-,-,-,-,-,-,-,-,-,-,-
69,A,A,A,A,-,A,A,A,A,A,A,A,A,A,A,A,-,A,A,-,A,A,A,A,A,A,A,A,A,A,A,A,-,A,-,A,A,A,A,A,A,A,A,A,-,A,-,A,C,C,T,G,-,T,T,-,-,-,T,-,-,-,-,T,-,-,T,T,T,T,T,A,-,-,-,-,-,-,-,-,-,-,-,-,-,-,-,-,-,-
70,G,G,G,G,-,G,G,G,G,G,G,G,G,G,G,G,-,G,G,-,G,G,G,G,G,G,G,G,G,G,G,G,-,G,-,G,G,G,G,G,G,A,A,A,-,A,-,G,C,A,G,A,-,A,A,-,-,-,A,-,-,-,-,A,-,-,A,A,A,A,A,G,-,-,-,-,-,-,-,-,-,-,-,-,-,-,-,-,-,-
71,C,C,C,C,-,C,C,C,C,C,C,C,C,C,C,T,-,C,C,-,C,C,C,C,C,C,C,C,C,C,C,C,-,C,-,C,C,C,C,C,C,C,C,C,-,C,-,C,A,C,C,C,-,C,C,-,-,-,A,-,-,-,-,C,-,-,C,C,C,C,C,C,-,-,-,-,-,-,-,-,-,-,-,-,-,-,-,-,-,-
72,A,A,A,A,-,A,A,A,A,A,A,A,A,A,A,A,-,A,A,-,A,A,A,A,A,A,A,A,A,A,A,A,-,A,-,A,A,A,A,A,A,A,A,G,-,A,-,A,A,A,A,A,-,C,T,-,-,-,A,-,-,-,-,G,-,-,A,A,A,A,A,A,-,-,-,-,-,-,-,-,-,-,-,-,-,-,-,-,-,-
73,A,A,A,A,-,A,A,A,A,A,A,A,A,A,A,A,-,A,A,-,A,A,A,A,A,A,A,A,A,A,A,A,-,A,-,A,A,A,A,A,A,A,A,A,-,A,-,G,G,G,G,A,-,G,G,-,-,-,A,-,-,-,-,G,-,-,A,A,A,A,A,A,-,-,-,-,-,-,-,-,-,-,-,-,-,-,-,-,-,-
74,T,T,T,T,-,T,T,T,T,T,T,T,T,T,T,T,-,T,T,-,T,T,T,T,T,T,T,T,T,T,T,T,-,T,-,T,T,T,T,T,T,T,T,T,-,T,-,T,C,-,A,T,-,T,T,-,-,-,A,-,-,-,-,T,-,-,T,T,T,T,T,T,-,-,-,-,-,-,-,-,-,-,-,-,-,-,-,-,-,-
75,T,T,T,T,-,T,T,T,T,T,T,T,T,T,T,T,-,T,T,-,T,T,T,T,T,T,T,T,T,T,G,T,-,T,-,T,T,T,T,T,T,T,T,T,-,T,-,T,G,-,G,T,-,T,T,-,-,-,A,-,-,-,-,T,-,-,T,T,T,T,T,T,-,-,-,-,-,-,-,-,-,-,-,-,-,-,-,-,-,-
76,A,A,A,A,A,A,A,A,A,A,A,A,A,A,C,A,-,A,A,-,A,A,A,A,A,A,A,A,A,A,A,A,-,-,-,A,A,A,A,A,-,A,A,A,-,A,-,A,G,-,A,C,-,A,A,-,-,-,A,-,-,-,-,A,-,-,A,C,A,A,A,A,-,-,-,-,-,-,-,-,-,-,-,-,-,-,-,-,-,-
77,A,A,A,A,A,A,A,A,A,A,G,G,G,G,A,A,-,A,A,-,A,A,A,A,A,A,A,A,A,A,A,A,-,A,-,A,A,A,A,A,A,A,A,G,-,A,-,A,T,-,A,C,-,G,G,-,-,-,A,-,-,-,-,G,-,-,A,A,A,A,A,A,-,-,-,-,-,-,-,-,-,-,-,-,-,-,-,-,-,-
78,G,G,G,G,G,G,G,G,G,G,G,G,G,G,G,G,-,G,G,-,G,G,G,G,G,G,G,G,G,G,G,G,-,G,-,G,G,G,G,G,G,G,G,G,-,G,-,G,C,-,G,A,-,A,A,-,-,-,A,-,-,-,-,A,-,-,G,G,G,G,G,A,-,-,-,-,-,-,-,-,-,-,-,-,-,-,-,-,-,-
79,C,C,C,C,A,A,A,A,A,A,C,C,C,T,C,C,-,C,C,-,C,C,C,C,C,C,C,C,C,C,C,C,-,C,-,C,C,C,C,C,C,C,C,C,-,C,-,C,C,-,C,C,-,C,C,-,-,-,-,-,-,-,-,C,-,-,C,C,C,C,C,T,-,-,-,-,-,-,-,-,-,-,-,-,-,-,-,-,-,-
80,C,C,C,-,-,-,-,-,-,-,-,-,-,-,C,T,-,T,T,-,C,C,C,C,C,C,C,C,C,C,C,C,-,C,-,C,C,C,C,C,C,T,C,C,-,C,-,C,T,-,C,C,-,C,C,-,-,-,-,-,-,-,-,C,-,-,C,C,C,T,T,C,-,-,-,-,-,-,-,-,-,-,-,-,-,-,-,-,-,-
81,C,C,C,C,A,C,C,C,C,C,C,C,C,C,C,C,-,T,T,-,C,C,C,C,C,C,C,C,C,C,C,C,-,C,-,C,C,C,T,T,C,C,C,C,-,C,-,C,T,T,C,T,-,C,C,-,-,-,-,-,-,-,-,C,-,-,C,C,C,C,C,T,-,-,-,-,-,-,-,-,-,-,-,-,-,-,-,-,-,-
82,A,A,A,A,A,A,A,A,A,-,A,A,A,A,A,A,-,G,G,-,G,A,A,A,A,A,A,A,A,A,A,A,-,A,-,A,A,A,A,A,G,A,G,A,-,G,-,A,G,A,G,G,-,A,A,-,-,-,-,-,-,-,-,A,-,-,A,A,A,A,A,A,-,-,-,-,-,-,-,-,-,-,-,-,-,-,-,-,-,-
83,G,G,G,G,G,G,A,A,G,G,G,G,G,G,G,G,-,G,G,-,G,G,G,G,G,G,G,G,G,G,G,G,-,G,-,G,G,G,G,G,G,A,G,G,-,G,-,G,G,G,G,G,-,A,A,-,-,-,-,-,-,-,-,G,-,-,G,G,G,G,G,G,-,-,-,-,-,-,-,-,-,-,-,-,-,-,-,-,-,-
84,G,G,G,G,G,G,G,G,G,G,G,G,G,G,G,G,-,G,G,-,G,G,G,G,G,G,G,G,G,G,G,G,-,G,-,G,G,G,G,A,G,G,G,G,-,G,-,G,G,G,G,G,-,A,A,-,-,-,-,-,-,-,-,A,-,-,G,A,G,G,G,A,-,-,-,-,-,-,-,-,-,-,-,-,-,-,-,-,-,-
85,C,C,C,C,C,C,C,C,C,C,C,C,C,C,C,C,-,C,C,-,C,C,C,C,C,C,C,C,C,C,C,C,-,C,-,C,C,C,C,G,C,C,C,C,-,C,-,C,C,T,T,T,-,C,C,-,-,-,-,-,-,-,-,C,-,-,C,C,C,C,C,A,-,-,-,-,-,-,-,-,-,-,-,-,-,-,-,-,-,-
86,A,A,A,A,A,A,A,A,A,A,A,A,A,A,A,A,-,A,A,-,A,A,A,A,A,A,A,A,A,A,A,A,-,A,-,A,A,A,A,A,A,A,A,A,-,A,-,A,C,A,A,A,-,A,A,-,-,-,-,-,-,-,-,A,-,-,A,A,A,A,A,A,-,-,-,-,-,-,-,-,-,-,-,-,-,-,-,-,-,-
87,G,G,G,G,G,G,G,G,G,G,G,G,G,G,G,G,-,G,G,-,G,G,G,G,G,G,G,G,G,G,G,G,-,G,-,G,G,G,G,G,G,G,G,G,-,G,-,G,C,G,C,G,-,G,G,-,-,-,-,-,-,-,-,G,-,-,G,G,G,G,G,G,-,-,-,-,-,-,-,-,-,-,-,-,-,-,-,-,-,-
88,A,A,A,A,A,A,A,A,C,A,A,A,A,A,A,A,-,A,A,-,A,A,A,A,A,G,A,A,A,A,A,A,-,A,-,A,A,A,A,A,A,A,A,A,-,A,-,A,A,A,A,A,-,A,A,-,-,-,-,-,-,-,-,A,-,-,A,A,A,A,A,A,-,-,-,-,-,-,-,-,-,-,-,-,-,-,-,-,-,-
89,T,T,T,T,T,T,T,T,T,T,T,T,T,T,T,T,-,T,T,-,T,T,T,T,T,T,T,T,T,T,T,T,-,T,-,T,T,T,T,C,T,T,T,T,-,T,-,T,T,T,T,T,-,T,T,-,-,-,-,-,-,-,-,T,-,-,T,T,T,T,T,T,-,-,-,-,-,-,-,-,-,-,-,-,-,-,-,-,-,-
90,G,G,G,G,A,G,G,G,G,G,G,G,G,G,G,G,-,G,G,-,G,G,G,G,G,G,G,G,G,G,G,G,-,G,-,G,G,G,G,C,G,G,G,G,-,G,-,G,C,G,G,G,-,G,G,-,-,-,-,-,-,-,-,G,-,-,G,G,G,G,G,G,-,-,-,-,-,-,-,-,-,-,-,-,-,-,-,-,-,-
91,T,T,T,T,G,T,T,T,T,T,T,T,T,T,T,T,-,T,T,-,T,T,T,T,T,T,T,T,T,T,T,T,-,T,-,T,T,T,T,T,T,T,T,T,-,T,-,T,A,T,T,T,-,T,T,-,-,-,-,-,-,-,-,T,-,-,T,T,T,T,T,T,-,-,-,-,-,-,-,-,-,-,-,-,-,-,-,-,-,-
92,T,T,T,T,T,T,T,T,T,T,T,T,T,T,T,T,-,T,T,-,T,T,T,T,T,T,T,T,T,T,T,T,-,T,-,T,T,T,T,T,T,T,T,T,-,T,-,T,C,T,T,T,-,T,T,-,-,-,-,-,-,-,-,T,-,-,T,T,T,T,T,T,-,-,-,-,-,-,-,-,-,-,-,-,-,-,-,-,-,-
93,T,T,T,T,T,T,T,T,T,T,T,T,T,T,T,T,-,T,T,-,T,T,T,T,T,T,T,T,T,T,T,T,-,T,-,T,T,T,T,T,T,T,T,T,-,T,-,T,T,T,T,T,-,T,T,-,-,-,-,-,-,-,-,T,-,-,T,T,T,T,T,T,-,-,-,-,-,-,-,-,-,-,-,-,-,-,-,-,-,-
94,C,C,C,C,C,C,C,C,C,C,C,C,C,C,C,C,-,C,C,-,C,C,C,C,C,C,C,C,C,C,C,C,-,C,-,C,C,C,C,C,C,C,C,C,-,C,-,C,C,C,C,C,-,C,C,-,-,-,-,-,-,-,-,C,-,-,C,C,C,C,C,C,-,-,-,-,-,-,-,-,-,-,-,-,-,-,-,-,-,-
95,C,C,C,C,C,C,C,C,C,C,C,C,C,C,C,C,-,C,C,-,C,C,C,C,C,C,C,C,C,C,C,C,-,C,-,C,C,C,C,C,C,C,C,C,-,C,-,C,T,C,C,C,-,T,T,-,-,-,-,-,-,-,-,T,-,-,C,C,C,C,C,C,-,-,-,-,-,-,-,-,-,-,-,-,-,-,-,-,-,-
96,T,T,T,T,T,T,T,T,T,T,T,T,T,T,T,T,-,T,T,-,T,T,T,T,T,T,T,T,T,T,T,T,-,T,-,T,T,T,T,T,T,T,T,T,-,T,-,T,T,-,T,T,-,T,T,-,-,-,-,-,-,-,-,T,-,-,T,T,T,T,T,T,-,-,-,-,-,-,-,-,-,-,-,-,-,-,-,-,-,-
97,T,T,T,T,T,T,T,T,T,T,T,T,T,T,T,T,-,C,C,-,T,T,T,T,T,T,T,T,T,T,T,T,-,T,-,T,T,T,T,C,T,T,T,T,-,T,-,T,T,C,T,T,-,T,T,-,-,-,-,-,-,-,-,T,-,-,T,T,T,T,T,T,-,-,-,-,-,-,-,-,-,-,-,-,-,-,-,-,-,-
98,T,T,T,T,C,T,T,T,T,T,T,T,T,T,T,T,-,T,T,-,T,T,T,T,T,T,T,T,T,T,T,T,-,T,-,T,T,T,T,T,T,T,T,T,-,T,-,T,T,T,T,T,-,T,T,-,-,-,-,-,-,-,-,C,-,-,T,T,T,T,T,T,-,-,-,-,-,-,-,-,-,-,-,-,-,-,-,-,-,-
99,C,C,C,C,T,T,A,T,T,T,C,C,C,C,C,-,-,C,C,-,C,C,C,C,C,C,T,C,C,C,C,C,-,C,-,C,C,C,C,T,C,C,C,C,-,C,-,C,T,T,T,T,-,C,C,-,-,-,-,-,-,-,-,C,-,-,C,C,C,C,C,C,-,-,-,-,-,-,-,-,-,-,-,-,-,-,-,-,-,-
100,A,A,G,A,G,G,G,G,G,G,A,A,C,C,C,-,-,C,C,-,G,C,C,C,C,G,G,G,G,G,G,G,-,A,-,A,A,A,A,G,A,G,A,G,-,G,-,A,G,G,G,G,-,T,T,-,-,-,-,-,-,-,-,C,-,-,T,T,T,T,T,T,-,-,-,-,-,-,-,-,-,-,-,-,-,-,-,-,-,-
101,T,G,C,T,T,T,T,T,T,T,T,T,T,C,C,T,-,C,C,-,T,T,T,T,T,T,T,T,T,T,T,T,-,T,-,T,T,T,T,C,T,T,T,T,-,T,-,T,G,T,T,G,-,T,T,-,-,-,-,-,-,-,-,T,-,-,T,T,T,T,T,T,-,-,-,-,-,-,-,-,-,-,-,-,-,-,-,-,-,-
102,G,G,G,G,G,A,G,G,G,G,G,G,G,G,A,G,-,A,A,-,G,G,G,G,G,G,G,G,G,G,G,G,-,G,-,G,G,G,G,A,G,G,G,G,-,G,-,G,G,G,G,G,-,G,G,-,-,-,-,-,-,-,-,G,-,-,G,G,G,G,G,C,-,-,-,-,-,-,-,-,-,-,-,-,-,-,-,-,-,-
103,T,T,T,T,T,T,T,T,T,T,T,T,T,T,C,T,-,T,T,-,T,T,T,T,T,T,T,T,T,T,T,T,-,T,-,T,T,T,T,T,C,T,T,T,-,T,-,T,T,T,T,T,-,T,T,-,-,-,-,-,-,-,-,T,-,-,T,T,T,T,T,C,-,-,-,-,-,-,-,-,-,-,-,-,-,-,-,-,-,-
104,A,A,A,G,T,T,T,T,T,T,A,A,A,A,A,A,-,A,A,-,A,A,A,A,A,A,A,A,A,A,A,A,-,A,-,A,A,A,A,A,A,A,A,A,-,A,-,A,T,C,C,C,-,G,G,-,-,-,-,-,-,-,-,G,-,-,G,G,G,G,G,A,-,-,-,-,-,-,-,-,-,-,-,-,-,-,-,-,-,-
105,C,C,C,C,C,C,C,C,C,C,C,C,C,C,C,C,-,C,C,-,C,C,C,C,C,C,C,C,C,C,C,C,-,C,-,C,C,C,C,T,C,C,C,C,-,C,-,C,C,C,C,C,-,T,T,-,-,-,-,-,-,-,-,T,-,-,C,C,C,C,C,A,-,-,-,-,-,-,-,-,-,-,-,-,-,-,-,-,-,-
106,T,T,A,T,T,T,T,T,T,T,T,T,T,T,T,T,-,T,T,-,T,T,T,T,T,C,C,C,C,C,T,C,-,T,-,C,C,C,T,A,T,T,T,T,-,T,-,T,T,A,T,T,-,T,T,-,-,-,-,-,-,-,-,T,-,-,T,T,T,T,T,T,-,-,-,-,-,-,-,-,-,-,-,-,-,-,-,-,-,-
107,G,G,G,G,G,G,G,G,G,G,G,G,G,G,G,G,-,G,G,-,G,G,G,G,G,G,G,G,G,G,G,G,-,G,-,C,C,C,G,T,G,G,G,G,-,G,-,G,G,G,G,G,-,G,G,-,-,-,-,-,-,-,-,G,-,-,G,G,G,G,G,A,-,-,-,-,-,-,-,-,-,-,-,-,-,-,-,-,-,-
108,A,A,A,A,A,A,A,A,A,A,A,A,A,A,A,A,-,A,A,-,A,A,A,A,A,A,A,A,A,A,A,A,-,A,-,A,A,A,A,G,A,A,A,A,-,A,-,A,T,G,G,A,-,A,A,-,-,-,-,-,-,-,-,A,-,-,A,A,A,A,A,T,-,-,-,-,-,-,-,-,-,-,-,-,-,-,-,-,-,-
109,T,T,T,T,-,T,T,T,T,T,T,T,T,T,T,T,-,T,T,-,T,T,T,T,T,T,T,T,T,T,T,T,-,T,-,T,T,T,T,T,T,T,T,T,-,T,-,T,C,C,C,G,-,A,A,-,-,-,-,-,-,-,-,G,-,-,C,C,C,C,T,C,-,-,-,-,-,-,-,-,-,-,-,-,-,-,-,-,-,-
110,G,T,T,T,-,T,T,T,T,T,T,T,T,T,T,T,-,T,T,-,T,T,T,T,T,T,T,T,T,T,T,T,-,T,-,T,T,T,T,T,T,T,T,T,-,T,-,C,C,T,T,C,-,G,G,-,-,-,-,-,-,-,-,G,-,-,A,G,G,G,G,C,-,-,-,-,-,-,-,-,-,-,-,-,-,-,-,-,-,-
111,A,A,A,A,A,A,A,A,A,A,A,A,A,A,A,A,-,A,A,-,A,A,A,A,A,A,A,A,A,A,A,A,-,A,-,A,A,A,A,A,A,A,A,A,-,A,-,A,A,A,A,G,-,A,A,-,-,-,-,-,-,-,-,A,-,-,A,A,A,A,A,A,-,-,-,-,-,-,-,-,-,-,-,-,-,-,-,-,-,-
112,G,G,A,G,G,G,G,G,G,G,G,G,G,G,G,G,-,G,G,-,G,G,G,G,G,C,G,G,G,G,G,G,-,G,-,G,G,G,G,G,G,G,G,G,-,G,-,G,C,C,C,C,-,C,C,-,-,-,-,-,-,-,-,G,-,-,C,C,C,C,C,T,-,-,-,-,-,-,-,-,-,-,-,-,-,-,-,-,-,-
113,T,T,T,C,T,T,T,T,T,T,T,C,T,T,T,T,-,T,T,-,T,T,T,T,T,A,T,T,T,C,T,C,-,T,-,T,T,T,C,C,C,T,C,T,-,T,-,C,-,T,T,T,-,T,T,-,-,-,-,-,-,-,-,T,-,-,G,T,T,T,T,T,-,-,-,-,-,-,-,-,-,-,-,-,-,-,-,-,-,-
114,T,T,T,T,T,C,C,C,T,C,T,T,T,T,T,T,-,T,T,-,T,T,T,T,T,C,T,T,T,T,T,T,-,T,-,T,T,T,T,T,T,C,T,T,-,T,-,T,-,T,T,T,-,C,C,-,-,-,-,-,-,-,-,C,-,-,C,C,C,C,C,C,-,-,-,-,-,-,-,-,-,-,-,-,-,-,-,-,-,-
115,G,G,G,G,G,G,G,G,G,G,G,T,G,G,G,G,-,G,G,-,G,G,G,G,G,G,G,G,G,G,G,G,-,G,-,G,G,G,G,G,G,G,G,G,-,G,-,G,-,G,G,A,-,C,C,-,-,-,-,-,-,-,-,C,-,-,C,G,C,T,T,T,-,-,-,-,-,-,-,-,-,-,-,-,-,-,-,-,-,-
116,G,G,G,G,G,G,G,G,G,G,G,G,G,G,G,G,-,G,G,-,G,G,G,G,G,G,G,G,G,G,G,G,-,G,-,G,G,G,G,A,G,G,G,G,-,G,-,A,-,G,G,G,-,A,A,-,-,-,-,-,-,-,-,A,-,-,A,G,G,G,G,G,-,-,-,-,-,-,-,-,-,-,-,-,-,-,-,-,-,-
117,G,G,G,G,A,G,G,G,G,G,G,G,G,G,G,G,-,A,A,-,A,A,A,A,A,A,A,A,A,A,A,A,-,A,-,A,A,A,A,G,A,G,G,G,-,G,-,G,-,G,G,G,-,A,A,-,-,-,-,-,-,-,-,A,-,-,A,A,A,A,A,A,-,-,-,-,-,-,-,-,-,-,-,-,-,-,-,-,-,-
118,A,A,A,A,A,A,A,A,A,A,A,A,A,A,A,A,-,A,A,-,A,A,A,A,A,A,A,A,A,A,A,A,-,A,-,A,A,A,A,A,A,A,A,A,-,A,-,A,-,G,G,A,-,G,G,-,-,-,-,-,-,-,-,G,-,-,G,G,G,A,G,G,-,-,-,-,-,-,-,-,-,-,-,-,-,-,-,-,-,-
119,G,G,G,G,G,G,G,G,G,G,G,G,G,G,G,G,-,G,G,-,G,G,G,G,G,G,G,G,G,G,G,G,-,G,-,G,G,G,G,G,G,G,G,G,-,A,-,G,G,G,G,G,-,G,G,-,-,-,-,-,-,-,-,G,-,-,G,G,G,G,G,-,-,-,-,-,-,-,-,-,-,-,-,-,-,-,-,-,-,-
120,G,G,G,G,G,A,G,G,G,G,G,G,G,G,G,G,-,G,G,-,G,G,G,G,G,G,G,G,G,G,G,G,-,G,-,G,G,G,G,G,G,G,G,G,-,G,-,A,T,A,A,T,-,C,C,-,-,-,-,-,-,-,-,A,-,-,A,A,A,A,A,-,-,-,-,-,-,-,-,-,-,-,-,-,-,-,-,-,-,-
121,A,A,A,A,C,A,A,A,C,A,A,A,A,A,A,A,-,A,A,-,A,A,A,A,A,A,A,A,A,A,A,A,-,A,-,A,A,A,A,G,A,A,A,A,-,A,-,A,G,A,A,A,-,T,T,-,-,-,-,-,-,-,-,G,-,-,G,A,A,A,A,-,-,-,-,-,-,-,-,-,-,-,-,-,-,-,-,-,-,-
122,C,C,C,C,C,C,C,C,C,C,C,C,C,C,C,C,-,C,C,-,C,C,C,C,C,C,C,C,C,C,C,C,-,-,-,C,C,C,C,C,C,A,C,A,-,C,-,C,G,G,T,C,-,A,A,-,-,-,-,-,-,-,-,A,-,-,A,A,A,A,A,-,-,-,-,-,-,-,-,-,-,-,-,-,-,-,-,-,-,-
123,C,C,C,C,C,C,C,C,C,C,C,T,T,T,C,C,-,C,C,-,C,C,C,C,C,C,C,C,C,C,C,C,-,A,-,C,C,C,T,A,A,G,G,G,-,G,-,C,C,C,C,C,-,T,T,-,-,-,-,-,-,-,-,C,-,-,T,T,T,T,T,-,-,-,-,-,-,-,-,-,-,-,-,-,-,-,-,-,-,-
124,A,-,A,A,T,A,A,A,G,A,A,A,A,A,A,A,-,A,A,-,A,A,A,A,A,A,A,A,A,A,A,A,-,A,-,A,A,A,G,A,A,A,A,A,-,A,-,A,T,T,T,T,-,T,T,-,-,-,-,-,-,-,-,G,-,-,T,T,T,T,T,-,-,-,-,-,-,-,-,-,-,-,-,-,-,-,-,-,-,-
125,C,C,C,C,C,A,A,A,A,A,C,C,C,T,C,C,-,C,C,-,C,C,C,C,C,C,C,C,C,C,C,C,-,C,-,C,C,C,C,C,C,C,T,C,-,C,-,C,T,C,C,C,-,C,C,-,-,-,-,-,-,-,-,C,-,-,C,C,C,C,C,-,-,-,-,-,-,-,-,-,-,-,-,-,-,-,-,-,-,-
126,T,T,T,T,T,T,C,T,T,T,T,T,T,T,T,T,-,T,T,-,T,T,T,T,T,T,T,T,T,T,T,T,-,T,-,G,T,T,T,T,T,T,T,T,-,T,-,T,C,C,T,T,-,T,T,-,-,-,-,-,-,-,-,C,-,-,T,T,T,T,T,-,-,-,-,-,-,-,-,-,-,-,-,-,-,-,-,-,-,-
127,C,C,C,C,G,G,G,G,G,G,C,C,C,C,C,C,-,C,C,-,C,C,C,C,C,C,C,C,C,C,C,C,-,C,-,C,C,C,C,C,C,C,C,C,-,C,-,C,C,C,C,C,-,C,C,-,-,-,-,-,-,-,-,C,-,-,C,C,C,C,C,-,-,-,-,-,-,-,-,-,-,-,-,-,-,-,-,-,-,-
